headline,article,audience,best_audience,best_score
New Python Framework Simplifies AI Development,"A new Python framework has gained attention among developers for simplifying the process of building artificial intelligence applications. The framework includes tools for data preprocessing, model training, and deployment within a single environment. Software engineers can reduce development time while improving the scalability of machine learning solutions. Industry experts believe such frameworks will accelerate AI adoption across organizations.",,,
Jaipur Metro Expansion and Urban Mobility,"Jaipur Metro Expansion and Urban Mobility is becoming an important discussion point for Jaipur residents as the city continues to grow and modernize. Urban development brings new opportunities while also creating challenges that require thoughtful planning and community participation. In recent years, Jaipur has seen increasing investment in infrastructure, digital services, transportation, tourism, and environmental initiatives. These changes are influencing how people commute, access services, conduct business, and experience everyday life.

Residents are increasingly interested in solutions that improve convenience without compromising the city's cultural identity. Whether the focus is transportation, sustainability, education, or economic growth, long-term success depends on balancing modernization with heritage preservation. Local communities, businesses, educational institutions, and government agencies all play a role in shaping outcomes. Collaboration often leads to more practical and sustainable solutions than isolated efforts.

The topic also highlights the importance of public awareness and citizen engagement. When residents understand ongoing developments and participate in discussions, projects are more likely to reflect local needs and priorities. Access to information, transparent decision-making, and community feedback can strengthen trust and improve results. As Jaipur evolves into a larger and more connected urban center, informed citizens will continue to play a key role in guiding its future. By staying engaged and supporting responsible development, residents can help ensure that growth creates benefits for current and future generations.",Jaipur Residents,,
Water Conservation Efforts Across Jaipur,"Water Conservation Efforts Across Jaipur is becoming an important discussion point for Jaipur residents as the city continues to grow and modernize. Urban development brings new opportunities while also creating challenges that require thoughtful planning and community participation. In recent years, Jaipur has seen increasing investment in infrastructure, digital services, transportation, tourism, and environmental initiatives. These changes are influencing how people commute, access services, conduct business, and experience everyday life.

Residents are increasingly interested in solutions that improve convenience without compromising the city's cultural identity. Whether the focus is transportation, sustainability, education, or economic growth, long-term success depends on balancing modernization with heritage preservation. Local communities, businesses, educational institutions, and government agencies all play a role in shaping outcomes. Collaboration often leads to more practical and sustainable solutions than isolated efforts.

The topic also highlights the importance of public awareness and citizen engagement. When residents understand ongoing developments and participate in discussions, projects are more likely to reflect local needs and priorities. Access to information, transparent decision-making, and community feedback can strengthen trust and improve results. As Jaipur evolves into a larger and more connected urban center, informed citizens will continue to play a key role in guiding its future. By staying engaged and supporting responsible development, residents can help ensure that growth creates benefits for current and future generations.",Jaipur Residents,,
Smart City Technologies Improving Daily Life,"Smart City Technologies Improving Daily Life is becoming an important discussion point for Jaipur residents as the city continues to grow and modernize. Urban development brings new opportunities while also creating challenges that require thoughtful planning and community participation. In recent years, Jaipur has seen increasing investment in infrastructure, digital services, transportation, tourism, and environmental initiatives. These changes are influencing how people commute, access services, conduct business, and experience everyday life.

Residents are increasingly interested in solutions that improve convenience without compromising the city's cultural identity. Whether the focus is transportation, sustainability, education, or economic growth, long-term success depends on balancing modernization with heritage preservation. Local communities, businesses, educational institutions, and government agencies all play a role in shaping outcomes. Collaboration often leads to more practical and sustainable solutions than isolated efforts.

The topic also highlights the importance of public awareness and citizen engagement. When residents understand ongoing developments and participate in discussions, projects are more likely to reflect local needs and priorities. Access to information, transparent decision-making, and community feedback can strengthen trust and improve results. As Jaipur evolves into a larger and more connected urban center, informed citizens will continue to play a key role in guiding its future. By staying engaged and supporting responsible development, residents can help ensure that growth creates benefits for current and future generations.",Jaipur Residents,,
Growth of Tourism and Local Businesses,"Growth of Tourism and Local Businesses is becoming an important discussion point for Jaipur residents as the city continues to grow and modernize. Urban development brings new opportunities while also creating challenges that require thoughtful planning and community participation. In recent years, Jaipur has seen increasing investment in infrastructure, digital services, transportation, tourism, and environmental initiatives. These changes are influencing how people commute, access services, conduct business, and experience everyday life.

Residents are increasingly interested in solutions that improve convenience without compromising the city's cultural identity. Whether the focus is transportation, sustainability, education, or economic growth, long-term success depends on balancing modernization with heritage preservation. Local communities, businesses, educational institutions, and government agencies all play a role in shaping outcomes. Collaboration often leads to more practical and sustainable solutions than isolated efforts.

The topic also highlights the importance of public awareness and citizen engagement. When residents understand ongoing developments and participate in discussions, projects are more likely to reflect local needs and priorities. Access to information, transparent decision-making, and community feedback can strengthen trust and improve results. As Jaipur evolves into a larger and more connected urban center, informed citizens will continue to play a key role in guiding its future. By staying engaged and supporting responsible development, residents can help ensure that growth creates benefits for current and future generations.",Jaipur Residents,,
Managing Waste in a Growing City,"Managing Waste in a Growing City is becoming an important discussion point for Jaipur residents as the city continues to grow and modernize. Urban development brings new opportunities while also creating challenges that require thoughtful planning and community participation. In recent years, Jaipur has seen increasing investment in infrastructure, digital services, transportation, tourism, and environmental initiatives. These changes are influencing how people commute, access services, conduct business, and experience everyday life.

Residents are increasingly interested in solutions that improve convenience without compromising the city's cultural identity. Whether the focus is transportation, sustainability, education, or economic growth, long-term success depends on balancing modernization with heritage preservation. Local communities, businesses, educational institutions, and government agencies all play a role in shaping outcomes. Collaboration often leads to more practical and sustainable solutions than isolated efforts.

The topic also highlights the importance of public awareness and citizen engagement. When residents understand ongoing developments and participate in discussions, projects are more likely to reflect local needs and priorities. Access to information, transparent decision-making, and community feedback can strengthen trust and improve results. As Jaipur evolves into a larger and more connected urban center, informed citizens will continue to play a key role in guiding its future. By staying engaged and supporting responsible development, residents can help ensure that growth creates benefits for current and future generations.",Jaipur Residents,,
Rise of Electric Vehicles in Jaipur,"Rise of Electric Vehicles in Jaipur is becoming an important discussion point for Jaipur residents as the city continues to grow and modernize. Urban development brings new opportunities while also creating challenges that require thoughtful planning and community participation. In recent years, Jaipur has seen increasing investment in infrastructure, digital services, transportation, tourism, and environmental initiatives. These changes are influencing how people commute, access services, conduct business, and experience everyday life.

Residents are increasingly interested in solutions that improve convenience without compromising the city's cultural identity. Whether the focus is transportation, sustainability, education, or economic growth, long-term success depends on balancing modernization with heritage preservation. Local communities, businesses, educational institutions, and government agencies all play a role in shaping outcomes. Collaboration often leads to more practical and sustainable solutions than isolated efforts.

The topic also highlights the importance of public awareness and citizen engagement. When residents understand ongoing developments and participate in discussions, projects are more likely to reflect local needs and priorities. Access to information, transparent decision-making, and community feedback can strengthen trust and improve results. As Jaipur evolves into a larger and more connected urban center, informed citizens will continue to play a key role in guiding its future. By staying engaged and supporting responsible development, residents can help ensure that growth creates benefits for current and future generations.",Jaipur Residents,,
Heritage Preservation in the Pink City,"Heritage Preservation in the Pink City is becoming an important discussion point for Jaipur residents as the city continues to grow and modernize. Urban development brings new opportunities while also creating challenges that require thoughtful planning and community participation. In recent years, Jaipur has seen increasing investment in infrastructure, digital services, transportation, tourism, and environmental initiatives. These changes are influencing how people commute, access services, conduct business, and experience everyday life.

Residents are increasingly interested in solutions that improve convenience without compromising the city's cultural identity. Whether the focus is transportation, sustainability, education, or economic growth, long-term success depends on balancing modernization with heritage preservation. Local communities, businesses, educational institutions, and government agencies all play a role in shaping outcomes. Collaboration often leads to more practical and sustainable solutions than isolated efforts.

The topic also highlights the importance of public awareness and citizen engagement. When residents understand ongoing developments and participate in discussions, projects are more likely to reflect local needs and priorities. Access to information, transparent decision-making, and community feedback can strengthen trust and improve results. As Jaipur evolves into a larger and more connected urban center, informed citizens will continue to play a key role in guiding its future. By staying engaged and supporting responsible development, residents can help ensure that growth creates benefits for current and future generations.",Jaipur Residents,,
Improving Public Parks and Green Spaces,"Improving Public Parks and Green Spaces is becoming an important discussion point for Jaipur residents as the city continues to grow and modernize. Urban development brings new opportunities while also creating challenges that require thoughtful planning and community participation. In recent years, Jaipur has seen increasing investment in infrastructure, digital services, transportation, tourism, and environmental initiatives. These changes are influencing how people commute, access services, conduct business, and experience everyday life.

Residents are increasingly interested in solutions that improve convenience without compromising the city's cultural identity. Whether the focus is transportation, sustainability, education, or economic growth, long-term success depends on balancing modernization with heritage preservation. Local communities, businesses, educational institutions, and government agencies all play a role in shaping outcomes. Collaboration often leads to more practical and sustainable solutions than isolated efforts.

The topic also highlights the importance of public awareness and citizen engagement. When residents understand ongoing developments and participate in discussions, projects are more likely to reflect local needs and priorities. Access to information, transparent decision-making, and community feedback can strengthen trust and improve results. As Jaipur evolves into a larger and more connected urban center, informed citizens will continue to play a key role in guiding its future. By staying engaged and supporting responsible development, residents can help ensure that growth creates benefits for current and future generations.",Jaipur Residents,,
Digital Services for Municipal Governance,"Digital Services for Municipal Governance is becoming an important discussion point for Jaipur residents as the city continues to grow and modernize. Urban development brings new opportunities while also creating challenges that require thoughtful planning and community participation. In recent years, Jaipur has seen increasing investment in infrastructure, digital services, transportation, tourism, and environmental initiatives. These changes are influencing how people commute, access services, conduct business, and experience everyday life.

Residents are increasingly interested in solutions that improve convenience without compromising the city's cultural identity. Whether the focus is transportation, sustainability, education, or economic growth, long-term success depends on balancing modernization with heritage preservation. Local communities, businesses, educational institutions, and government agencies all play a role in shaping outcomes. Collaboration often leads to more practical and sustainable solutions than isolated efforts.

The topic also highlights the importance of public awareness and citizen engagement. When residents understand ongoing developments and participate in discussions, projects are more likely to reflect local needs and priorities. Access to information, transparent decision-making, and community feedback can strengthen trust and improve results. As Jaipur evolves into a larger and more connected urban center, informed citizens will continue to play a key role in guiding its future. By staying engaged and supporting responsible development, residents can help ensure that growth creates benefits for current and future generations.",Jaipur Residents,,
Traffic Management and Road Safety,"Traffic Management and Road Safety is becoming an important discussion point for Jaipur residents as the city continues to grow and modernize. Urban development brings new opportunities while also creating challenges that require thoughtful planning and community participation. In recent years, Jaipur has seen increasing investment in infrastructure, digital services, transportation, tourism, and environmental initiatives. These changes are influencing how people commute, access services, conduct business, and experience everyday life.

Residents are increasingly interested in solutions that improve convenience without compromising the city's cultural identity. Whether the focus is transportation, sustainability, education, or economic growth, long-term success depends on balancing modernization with heritage preservation. Local communities, businesses, educational institutions, and government agencies all play a role in shaping outcomes. Collaboration often leads to more practical and sustainable solutions than isolated efforts.

The topic also highlights the importance of public awareness and citizen engagement. When residents understand ongoing developments and participate in discussions, projects are more likely to reflect local needs and priorities. Access to information, transparent decision-making, and community feedback can strengthen trust and improve results. As Jaipur evolves into a larger and more connected urban center, informed citizens will continue to play a key role in guiding its future. By staying engaged and supporting responsible development, residents can help ensure that growth creates benefits for current and future generations.",Jaipur Residents,,
Rainwater Harvesting in Residential Areas,"Rainwater Harvesting in Residential Areas is becoming an important discussion point for Jaipur residents as the city continues to grow and modernize. Urban development brings new opportunities while also creating challenges that require thoughtful planning and community participation. In recent years, Jaipur has seen increasing investment in infrastructure, digital services, transportation, tourism, and environmental initiatives. These changes are influencing how people commute, access services, conduct business, and experience everyday life.

Residents are increasingly interested in solutions that improve convenience without compromising the city's cultural identity. Whether the focus is transportation, sustainability, education, or economic growth, long-term success depends on balancing modernization with heritage preservation. Local communities, businesses, educational institutions, and government agencies all play a role in shaping outcomes. Collaboration often leads to more practical and sustainable solutions than isolated efforts.

The topic also highlights the importance of public awareness and citizen engagement. When residents understand ongoing developments and participate in discussions, projects are more likely to reflect local needs and priorities. Access to information, transparent decision-making, and community feedback can strengthen trust and improve results. As Jaipur evolves into a larger and more connected urban center, informed citizens will continue to play a key role in guiding its future. By staying engaged and supporting responsible development, residents can help ensure that growth creates benefits for current and future generations.",Jaipur Residents,,
Startup Culture Emerging in Jaipur,"Startup Culture Emerging in Jaipur is becoming an important discussion point for Jaipur residents as the city continues to grow and modernize. Urban development brings new opportunities while also creating challenges that require thoughtful planning and community participation. In recent years, Jaipur has seen increasing investment in infrastructure, digital services, transportation, tourism, and environmental initiatives. These changes are influencing how people commute, access services, conduct business, and experience everyday life.

Residents are increasingly interested in solutions that improve convenience without compromising the city's cultural identity. Whether the focus is transportation, sustainability, education, or economic growth, long-term success depends on balancing modernization with heritage preservation. Local communities, businesses, educational institutions, and government agencies all play a role in shaping outcomes. Collaboration often leads to more practical and sustainable solutions than isolated efforts.

The topic also highlights the importance of public awareness and citizen engagement. When residents understand ongoing developments and participate in discussions, projects are more likely to reflect local needs and priorities. Access to information, transparent decision-making, and community feedback can strengthen trust and improve results. As Jaipur evolves into a larger and more connected urban center, informed citizens will continue to play a key role in guiding its future. By staying engaged and supporting responsible development, residents can help ensure that growth creates benefits for current and future generations.",Jaipur Residents,,
Sustainable Housing and Urban Development,"Sustainable Housing and Urban Development is becoming an important discussion point for Jaipur residents as the city continues to grow and modernize. Urban development brings new opportunities while also creating challenges that require thoughtful planning and community participation. In recent years, Jaipur has seen increasing investment in infrastructure, digital services, transportation, tourism, and environmental initiatives. These changes are influencing how people commute, access services, conduct business, and experience everyday life.

Residents are increasingly interested in solutions that improve convenience without compromising the city's cultural identity. Whether the focus is transportation, sustainability, education, or economic growth, long-term success depends on balancing modernization with heritage preservation. Local communities, businesses, educational institutions, and government agencies all play a role in shaping outcomes. Collaboration often leads to more practical and sustainable solutions than isolated efforts.

The topic also highlights the importance of public awareness and citizen engagement. When residents understand ongoing developments and participate in discussions, projects are more likely to reflect local needs and priorities. Access to information, transparent decision-making, and community feedback can strengthen trust and improve results. As Jaipur evolves into a larger and more connected urban center, informed citizens will continue to play a key role in guiding its future. By staying engaged and supporting responsible development, residents can help ensure that growth creates benefits for current and future generations.",Jaipur Residents,,
The Future of Public Transport,"The Future of Public Transport is becoming an important discussion point for Jaipur residents as the city continues to grow and modernize. Urban development brings new opportunities while also creating challenges that require thoughtful planning and community participation. In recent years, Jaipur has seen increasing investment in infrastructure, digital services, transportation, tourism, and environmental initiatives. These changes are influencing how people commute, access services, conduct business, and experience everyday life.

Residents are increasingly interested in solutions that improve convenience without compromising the city's cultural identity. Whether the focus is transportation, sustainability, education, or economic growth, long-term success depends on balancing modernization with heritage preservation. Local communities, businesses, educational institutions, and government agencies all play a role in shaping outcomes. Collaboration often leads to more practical and sustainable solutions than isolated efforts.

The topic also highlights the importance of public awareness and citizen engagement. When residents understand ongoing developments and participate in discussions, projects are more likely to reflect local needs and priorities. Access to information, transparent decision-making, and community feedback can strengthen trust and improve results. As Jaipur evolves into a larger and more connected urban center, informed citizens will continue to play a key role in guiding its future. By staying engaged and supporting responsible development, residents can help ensure that growth creates benefits for current and future generations.",Jaipur Residents,,
Local Markets Adapting to Modern Consumers,"Local Markets Adapting to Modern Consumers is becoming an important discussion point for Jaipur residents as the city continues to grow and modernize. Urban development brings new opportunities while also creating challenges that require thoughtful planning and community participation. In recent years, Jaipur has seen increasing investment in infrastructure, digital services, transportation, tourism, and environmental initiatives. These changes are influencing how people commute, access services, conduct business, and experience everyday life.

Residents are increasingly interested in solutions that improve convenience without compromising the city's cultural identity. Whether the focus is transportation, sustainability, education, or economic growth, long-term success depends on balancing modernization with heritage preservation. Local communities, businesses, educational institutions, and government agencies all play a role in shaping outcomes. Collaboration often leads to more practical and sustainable solutions than isolated efforts.

The topic also highlights the importance of public awareness and citizen engagement. When residents understand ongoing developments and participate in discussions, projects are more likely to reflect local needs and priorities. Access to information, transparent decision-making, and community feedback can strengthen trust and improve results. As Jaipur evolves into a larger and more connected urban center, informed citizens will continue to play a key role in guiding its future. By staying engaged and supporting responsible development, residents can help ensure that growth creates benefits for current and future generations.",Jaipur Residents,,
Air Quality Awareness and Community Action,"Air Quality Awareness and Community Action is becoming an important discussion point for Jaipur residents as the city continues to grow and modernize. Urban development brings new opportunities while also creating challenges that require thoughtful planning and community participation. In recent years, Jaipur has seen increasing investment in infrastructure, digital services, transportation, tourism, and environmental initiatives. These changes are influencing how people commute, access services, conduct business, and experience everyday life.

Residents are increasingly interested in solutions that improve convenience without compromising the city's cultural identity. Whether the focus is transportation, sustainability, education, or economic growth, long-term success depends on balancing modernization with heritage preservation. Local communities, businesses, educational institutions, and government agencies all play a role in shaping outcomes. Collaboration often leads to more practical and sustainable solutions than isolated efforts.

The topic also highlights the importance of public awareness and citizen engagement. When residents understand ongoing developments and participate in discussions, projects are more likely to reflect local needs and priorities. Access to information, transparent decision-making, and community feedback can strengthen trust and improve results. As Jaipur evolves into a larger and more connected urban center, informed citizens will continue to play a key role in guiding its future. By staying engaged and supporting responsible development, residents can help ensure that growth creates benefits for current and future generations.",Jaipur Residents,,
Education and Skill Development Opportunities,"Education and Skill Development Opportunities is becoming an important discussion point for Jaipur residents as the city continues to grow and modernize. Urban development brings new opportunities while also creating challenges that require thoughtful planning and community participation. In recent years, Jaipur has seen increasing investment in infrastructure, digital services, transportation, tourism, and environmental initiatives. These changes are influencing how people commute, access services, conduct business, and experience everyday life.

Residents are increasingly interested in solutions that improve convenience without compromising the city's cultural identity. Whether the focus is transportation, sustainability, education, or economic growth, long-term success depends on balancing modernization with heritage preservation. Local communities, businesses, educational institutions, and government agencies all play a role in shaping outcomes. Collaboration often leads to more practical and sustainable solutions than isolated efforts.

The topic also highlights the importance of public awareness and citizen engagement. When residents understand ongoing developments and participate in discussions, projects are more likely to reflect local needs and priorities. Access to information, transparent decision-making, and community feedback can strengthen trust and improve results. As Jaipur evolves into a larger and more connected urban center, informed citizens will continue to play a key role in guiding its future. By staying engaged and supporting responsible development, residents can help ensure that growth creates benefits for current and future generations.",Jaipur Residents,,
Healthcare Infrastructure for a Growing Population,"Healthcare Infrastructure for a Growing Population is becoming an important discussion point for Jaipur residents as the city continues to grow and modernize. Urban development brings new opportunities while also creating challenges that require thoughtful planning and community participation. In recent years, Jaipur has seen increasing investment in infrastructure, digital services, transportation, tourism, and environmental initiatives. These changes are influencing how people commute, access services, conduct business, and experience everyday life.

Residents are increasingly interested in solutions that improve convenience without compromising the city's cultural identity. Whether the focus is transportation, sustainability, education, or economic growth, long-term success depends on balancing modernization with heritage preservation. Local communities, businesses, educational institutions, and government agencies all play a role in shaping outcomes. Collaboration often leads to more practical and sustainable solutions than isolated efforts.

The topic also highlights the importance of public awareness and citizen engagement. When residents understand ongoing developments and participate in discussions, projects are more likely to reflect local needs and priorities. Access to information, transparent decision-making, and community feedback can strengthen trust and improve results. As Jaipur evolves into a larger and more connected urban center, informed citizens will continue to play a key role in guiding its future. By staying engaged and supporting responsible development, residents can help ensure that growth creates benefits for current and future generations.",Jaipur Residents,,
Cultural Festivals and Economic Impact,"Cultural Festivals and Economic Impact is becoming an important discussion point for Jaipur residents as the city continues to grow and modernize. Urban development brings new opportunities while also creating challenges that require thoughtful planning and community participation. In recent years, Jaipur has seen increasing investment in infrastructure, digital services, transportation, tourism, and environmental initiatives. These changes are influencing how people commute, access services, conduct business, and experience everyday life.

Residents are increasingly interested in solutions that improve convenience without compromising the city's cultural identity. Whether the focus is transportation, sustainability, education, or economic growth, long-term success depends on balancing modernization with heritage preservation. Local communities, businesses, educational institutions, and government agencies all play a role in shaping outcomes. Collaboration often leads to more practical and sustainable solutions than isolated efforts.

The topic also highlights the importance of public awareness and citizen engagement. When residents understand ongoing developments and participate in discussions, projects are more likely to reflect local needs and priorities. Access to information, transparent decision-making, and community feedback can strengthen trust and improve results. As Jaipur evolves into a larger and more connected urban center, informed citizens will continue to play a key role in guiding its future. By staying engaged and supporting responsible development, residents can help ensure that growth creates benefits for current and future generations.",Jaipur Residents,,
Building a More Resilient Jaipur,"Building a More Resilient Jaipur is becoming an important discussion point for Jaipur residents as the city continues to grow and modernize. Urban development brings new opportunities while also creating challenges that require thoughtful planning and community participation. In recent years, Jaipur has seen increasing investment in infrastructure, digital services, transportation, tourism, and environmental initiatives. These changes are influencing how people commute, access services, conduct business, and experience everyday life.

Residents are increasingly interested in solutions that improve convenience without compromising the city's cultural identity. Whether the focus is transportation, sustainability, education, or economic growth, long-term success depends on balancing modernization with heritage preservation. Local communities, businesses, educational institutions, and government agencies all play a role in shaping outcomes. Collaboration often leads to more practical and sustainable solutions than isolated efforts.

The topic also highlights the importance of public awareness and citizen engagement. When residents understand ongoing developments and participate in discussions, projects are more likely to reflect local needs and priorities. Access to information, transparent decision-making, and community feedback can strengthen trust and improve results. As Jaipur evolves into a larger and more connected urban center, informed citizens will continue to play a key role in guiding its future. By staying engaged and supporting responsible development, residents can help ensure that growth creates benefits for current and future generations.",Jaipur Residents,,
